[
  {
    "id": "292155cb-7e50-4610-9434-9babf28e248f",
    "data": [
      {
        "text": "order ",
        "userDefined": false
      },
      {
        "text": "here",
        "meta": "@sys.address",
        "alias": "address",
        "userDefined": true
      }
    ],
    "isTemplate": false,
    "count": 0,
    "lang": "en",
    "updated": 0
  },
  {
    "id": "d14dc52a-a282-435d-9005-cee986ffc971",
    "data": [
      {
        "text": "order pizza ",
        "userDefined": false
      },
      {
        "text": "now",
        "meta": "@sys.date-time",
        "alias": "date-time",
        "userDefined": true
      }
    ],
    "isTemplate": false,
    "count": 0,
    "lang": "en",
    "updated": 0
  },
  {
    "id": "09df5b22-369b-46b8-abe4-eaaf86985ae3",
    "data": [
      {
        "text": "tell me ",
        "userDefined": false
      },
      {
        "text": "toppings",
        "meta": "@toppings",
        "alias": "toppings",
        "userDefined": true
      },
      {
        "text": "  of pizza",
        "userDefined": false
      }
    ],
    "isTemplate": false,
    "count": 0,
    "lang": "en",
    "updated": 0
  },
  {
    "id": "d7847cdd-17a5-4154-a92e-3151bdb26953",
    "data": [
      {
        "text": "tell me ",
        "userDefined": false
      },
      {
        "text": "size",
        "meta": "@Size",
        "alias": "Size",
        "userDefined": true
      },
      {
        "text": " of data",
        "userDefined": false
      }
    ],
    "isTemplate": false,
    "count": 0,
    "lang": "en",
    "updated": 0
  },
  {
    "id": "a34512d7-7d35-447c-b57e-d532e6b2a0fb",
    "data": [
      {
        "text": "booked pizza to my mobile ",
        "userDefined": false
      },
      {
        "text": "0776163452",
        "meta": "@sys.phone-number",
        "alias": "phone-number",
        "userDefined": true
      }
    ],
    "isTemplate": false,
    "count": 0,
    "lang": "en",
    "updated": 0
  },
  {
    "id": "fe0873de-2e99-4ae0-a7fb-0e0bd6fe22f2",
    "data": [
      {
        "text": "could you order  pizza to my mail id ",
        "userDefined": false
      },
      {
        "text": "shanasathu13@gmail.com",
        "meta": "@sys.email",
        "alias": "email",
        "userDefined": true
      }
    ],
    "isTemplate": false,
    "count": 0,
    "lang": "en",
    "updated": 0
  },
  {
    "id": "e53ac324-00cd-4988-91f5-403ffeabb9dd",
    "data": [
      {
        "text": "book pizza",
        "userDefined": false
      }
    ],
    "isTemplate": false,
    "count": 0,
    "lang": "en",
    "updated": 0
  },
  {
    "id": "d485a05f-0c24-4c3d-9f88-18166b86b88a",
    "data": [
      {
        "text": "order pizza",
        "userDefined": false
      }
    ],
    "isTemplate": false,
    "count": 0,
    "lang": "en",
    "updated": 0
  }
]