[
  {
    "action": "smalltalk.agent.acquaintance",
    "customAnswers": [
      "Machine"
    ]
  },
  {
    "action": "smalltalk.agent.age",
    "customAnswers": [
      "No age"
    ]
  },
  {
    "action": "smalltalk.agent.annoying",
    "customAnswers": [
      "sorry"
    ]
  },
  {
    "action": "smalltalk.agent.answer_my_question",
    "customAnswers": [
      "yes i will answer"
    ]
  },
  {
    "action": "smalltalk.agent.bad",
    "customAnswers": [
      "sorry next time i will support"
    ]
  },
  {
    "action": "smalltalk.agent.be_clever",
    "customAnswers": [
      "yes because I\u0027m machine"
    ]
  },
  {
    "action": "smalltalk.agent.beautiful",
    "customAnswers": [
      "sorry I\u0027m machine"
    ]
  }
]